{"cameraMode":{"drawMode":0,"name":"Shaded","section":"Shading Mode"},"sceneLighting":true,"audioPlay":false,"sceneViewState":{"m_AlwaysRefresh":false,"showFog":true,"showSkybox":true,"showFlares":true,"showImageEffects":true,"showParticleSystems":true,"showVisualEffectGraphs":true,"m_FxEnabled":true},"in2DMode":false,"pivot":{"x":-0.8325719833374023,"y":2.630669593811035,"z":0.2144145965576172},"rotation":{"x":0.20249740779399873,"y":-0.029373161494731904,"z":0.006076739635318518,"w":0.9788257479667664},"size":8.9083890914917,"orthographic":false}